title,url
Jury finds US lawyer Alex Murdaugh guilty of murder,/news/live/world-us-canada-64831114
How Alex Murdaugh concealed his dark side,/news/world-us-canada-64832280
US lawyer Murdaugh guilty of killing wife and son,/news/world-us-canada-64832081
Barca beat Madrid in Copa del Rey semi-final first leg,/sport/football/64829271
How three widows came to rule Champagne,https://www.bbc.com/travel/article/20230301-the-little-known-history-of-champagne
Californians snowed in by winter storm surge,/news/world-us-canada-64821309
US senator in hospital with shingles,/news/world-us-canada-64831779
Knives and black masks found in Idaho murder case,/news/world-us-canada-64830948
From peacetime team-mates to wartime enemies,/sport/football/64814253
Rafiq 'clearly' recalls alleged Vaughan comment,/sport/cricket/64825238
Australia close on victory as India all out for 163,/sport/cricket/64826777
The rise of the Gen Z side hustle,https://www.bbc.com/worklife/article/20230302-the-rise-of-the-gen-z-side-hustle
The largest objects in the Universe,https://www.bbc.com/future/article/20230302-the-giant-arcs-that-may-dwarf-everything-in-the-cosmos
A blouse that unites Southeast Asia,https://www.bbc.com/travel/article/20230302-the-asian-blouse-that-tells-a-tale-of-many-cultures
The most shocking Oscars moment ever,https://www.bbc.com/culture/article/20230302-the-most-shocking-moment-in-oscars-history-50-years-on
Harry and Meghan told to 'vacate' Frogmore Cottage,https://www.bbc.com/news/uk-64815383
Joy as songbird feared extinct seen in Madagascar,https://www.bbc.com/news/world-africa-64822787
Whiskey fungus forces Jack Daniels to stop construction,https://www.bbc.com/news/world-us-canada-64819400
Sake brewers toast big rise in global sales,https://www.bbc.com/news/business-64797853
'We're flying the flag for Scottish rum',https://www.bbc.com/news/business-64719180
Hong Kong skyscraper fire seen on city's skyline,/news/world-asia-64831692
Hong Kong skyscraper fire seen on city's...,/news/world-asia-64831692
Matt Hancock WhatsApp message row in 83...,/news/uk-politics-64831398
Isabel Oakeshott: Why I leaked Hancock's...,/news/uk-64822872
Tears of relief after man found in Amazon...,/news/world-latin-america-64817080
At the crash site of 'no hope' - BBC reporter...,/news/world-europe-64808262
Dog found alive after 23 days under rubble,/news/world-europe-64817526
Watch Kate beat William in spin class...,/news/uk-64803331
Record numbers of guide dog volunteers after...,/news/uk-64806166
One-minute World News,/news/10462520
WATCH: Key moments from PM's NI Brexit deal...,/news/uk-64791359
Twitch streamer Kai Cenat breaks subscriber record,/news/technology-64811710
Guilt-free flying not in easy reach - scientists,/news/science-environment-64788106
Half of world could be overweight by 2035,/news/world-64831848
Pet crocs and red carpets: Africa's top shots,/news/world-africa-64823868
Robotaxi tech improves but can they make money?,https://www.bbc.co.uk/news/business-64742934
What is carbon capture and can it fight climate change?,/news/science-environment-64723497
Pulp bassist Steve Mackey dies aged 56,/news/entertainment-arts-64827409
The high-tech weed sprayers cutting herbicide use,https://www.bbc.com/news/business-64742513
Mariupol: Tragic deaths and daring escapes,https://www.bbcselect.com/watch/mariupol-the-peoples-story/?utm_source=BBC+Select&utm_medium=Social&utm_campaign=Mariupol+the+peoples+story
The devastated towns near Ukraine's front line,/news/world-europe-64819471
Pictures show devastation after Greece train disaster,/news/world-europe-64808123
Spectacular northern lights seen across UK,/news/uk-64782372
SAG Awards: The red carpet in pictures,/news/entertainment-arts-64781316
Vigils and flags: Ukraine war anniversary in pictures,/news/in-pictures-64757068
